GENDER,COUNT,PERCENTAGE
MALE,14398,65.64238169
FEMALE,7536,34.35761831
